Country;Flag;Score
Gambia;https://raw.githubusercontent.com/thevizmachine/banderas/master/gm.png;90
Somalia;https://raw.githubusercontent.com/thevizmachine/banderas/master/so.png;86
Switzerland;https://raw.githubusercontent.com/thevizmachine/banderas/master/ch.png;85
Israel;https://raw.githubusercontent.com/thevizmachine/banderas/master/il.png;85
Faroe Islands;https://raw.githubusercontent.com/thevizmachine/banderas/master/fo.png;80
Botswana;https://raw.githubusercontent.com/thevizmachine/banderas/master/bw.png;79
Slovakia;https://raw.githubusercontent.com/thevizmachine/banderas/master/sk.png;79
Syria;https://raw.githubusercontent.com/thevizmachine/banderas/master/sy.png;76
Saint Kitts and Nevis;https://raw.githubusercontent.com/thevizmachine/banderas/master/kn.png;76
Puerto Rico;https://raw.githubusercontent.com/thevizmachine/banderas/master/pr.png;76
Belgium;https://raw.githubusercontent.com/thevizmachine/banderas/master/be.png;75
Qatar;https://raw.githubusercontent.com/thevizmachine/banderas/master/qa.png;75
United Arab Emirates;https://raw.githubusercontent.com/thevizmachine/banderas/master/ae.png;74
Liberia;https://raw.githubusercontent.com/thevizmachine/banderas/master/lr.png;74
Zaire;https://raw.githubusercontent.com/thevizmachine/banderas/master/cd.png;74
Djibouti;https://raw.githubusercontent.com/thevizmachine/banderas/master/dj.png;74
Suriname;https://raw.githubusercontent.com/thevizmachine/banderas/master/sr.png;71
Libya;https://raw.githubusercontent.com/thevizmachine/banderas/master/ly.png;70
Hungary;https://raw.githubusercontent.com/thevizmachine/banderas/master/hu.png;70
Tunisia;https://raw.githubusercontent.com/thevizmachine/banderas/master/tn.png;70
Bahrain;https://raw.githubusercontent.com/thevizmachine/banderas/master/bh.png;70
Monaco;https://raw.githubusercontent.com/thevizmachine/banderas/master/mc.png;70
Sierra Leone;https://raw.githubusercontent.com/thevizmachine/banderas/master/sl.png;70
San Marino;https://raw.githubusercontent.com/thevizmachine/banderas/master/sm.png;70
Malawi;https://raw.githubusercontent.com/thevizmachine/banderas/master/mw.png;70
Czech Republic;https://raw.githubusercontent.com/thevizmachine/banderas/master/cz.png;70
Dominican Republic;https://raw.githubusercontent.com/thevizmachine/banderas/master/do.png;70
Ghana;https://raw.githubusercontent.com/thevizmachine/banderas/master/gh.png;70
Netherlands;https://raw.githubusercontent.com/thevizmachine/banderas/master/nl.png;70
Haiti;https://raw.githubusercontent.com/thevizmachine/banderas/master/ht.png;70
Jordan;https://raw.githubusercontent.com/thevizmachine/banderas/master/jo.png;70
Jamaica;https://raw.githubusercontent.com/thevizmachine/banderas/master/jm.png;70
Luxembourg;https://raw.githubusercontent.com/thevizmachine/banderas/master/lu.png;70
Taiwan;https://raw.githubusercontent.com/thevizmachine/banderas/master/tw.png;70
Togo;https://raw.githubusercontent.com/thevizmachine/banderas/master/tg.png;70
Western Sahara;https://raw.githubusercontent.com/thevizmachine/banderas/master/eh.png;70
Micronesia, Federated States of;https://raw.githubusercontent.com/thevizmachine/banderas/master/fm.png;66
Albania;https://raw.githubusercontent.com/thevizmachine/banderas/master/al.png;65
Azerbaijan;https://raw.githubusercontent.com/thevizmachine/banderas/master/az.png;65
Uruguay;https://raw.githubusercontent.com/thevizmachine/banderas/master/uy.png;65
Benin;https://raw.githubusercontent.com/thevizmachine/banderas/master/bj.png;65
Norfolk Island;https://raw.githubusercontent.com/thevizmachine/banderas/master/nf.png;65
Latvia;https://raw.githubusercontent.com/thevizmachine/banderas/master/lv.png;65
Lithuania;https://raw.githubusercontent.com/thevizmachine/banderas/master/lt.png;65
Malta;https://raw.githubusercontent.com/thevizmachine/banderas/master/mt.png;65
Sao Tome and Principe;https://raw.githubusercontent.com/thevizmachine/banderas/master/st.png;65
Netherlands Antilles;https://raw.githubusercontent.com/thevizmachine/banderas/master/an.png;65
Saint Vincent and the Grenadines;https://raw.githubusercontent.com/thevizmachine/banderas/master/vc.png;65
Singapore;https://raw.githubusercontent.com/thevizmachine/banderas/master/sg.png;65
Barbados;https://raw.githubusercontent.com/thevizmachine/banderas/master/bb.png;65
Serbia;https://raw.githubusercontent.com/thevizmachine/banderas/master/rs.png;65
Armenia;https://raw.githubusercontent.com/thevizmachine/banderas/master/am.png;65
Burundi;https://raw.githubusercontent.com/thevizmachine/banderas/master/bi.png;65
Saint Lucia;https://raw.githubusercontent.com/thevizmachine/banderas/master/lc.png;65
Kuwait;https://raw.githubusercontent.com/thevizmachine/banderas/master/kw.png;65
Trinidad and Tobago;https://raw.githubusercontent.com/thevizmachine/banderas/master/tt.png;65
Tonga;https://raw.githubusercontent.com/thevizmachine/banderas/master/to.png;65
Bosnia and Herzegovina;https://raw.githubusercontent.com/thevizmachine/banderas/master/ba.png;64
Bulgaria;https://raw.githubusercontent.com/thevizmachine/banderas/master/bg.png;60
Eritrea;https://raw.githubusercontent.com/thevizmachine/banderas/master/er.png;60
Georgia;https://raw.githubusercontent.com/thevizmachine/banderas/master/ge.png;60
Nauru;https://raw.githubusercontent.com/thevizmachine/banderas/master/nr.png;60
Palau;https://raw.githubusercontent.com/thevizmachine/banderas/master/pw.png;60
Former Yugoslav Republic of Macedonia;https://raw.githubusercontent.com/thevizmachine/banderas/master/mk.png;60
Samoa;https://raw.githubusercontent.com/thevizmachine/banderas/master/ws.png;60
Liechtenstein;https://raw.githubusercontent.com/thevizmachine/banderas/master/li.png;56
Costa Rica;https://raw.githubusercontent.com/thevizmachine/banderas/master/cr.png;55
Iraq;https://raw.githubusercontent.com/thevizmachine/banderas/master/iq.png;55
Kenya;https://raw.githubusercontent.com/thevizmachine/banderas/master/ke.png;55
Gibraltar;https://raw.githubusercontent.com/thevizmachine/banderas/master/gi.png;55
Slovenia;https://raw.githubusercontent.com/thevizmachine/banderas/master/si.png;55
Moldova;https://raw.githubusercontent.com/thevizmachine/banderas/master/md.png;55
Antigua and Barbuda;https://raw.githubusercontent.com/thevizmachine/banderas/master/ag.png;55
Swaziland;https://raw.githubusercontent.com/thevizmachine/banderas/master/sz.png;55
Cape Verde;https://raw.githubusercontent.com/thevizmachine/banderas/master/cv.png;55
Cook Islands;https://raw.githubusercontent.com/thevizmachine/banderas/master/ck.png;55
Lebanon;https://raw.githubusercontent.com/thevizmachine/banderas/master/lb.png;55
Lesotho;https://raw.githubusercontent.com/thevizmachine/banderas/master/ls.png;55
Andorra;https://raw.githubusercontent.com/thevizmachine/banderas/master/ad.png;53
Mauritius;https://raw.githubusercontent.com/thevizmachine/banderas/master/mu.png;50
Seychelles;https://raw.githubusercontent.com/thevizmachine/banderas/master/sc.png;50
Tuvalu;https://raw.githubusercontent.com/thevizmachine/banderas/master/tv.png;49
Comoros;https://raw.githubusercontent.com/thevizmachine/banderas/master/km.png;48
Equatorial Guinea;https://raw.githubusercontent.com/thevizmachine/banderas/master/gq.png;45
Bhutan;https://raw.githubusercontent.com/thevizmachine/banderas/master/bt.png;45
Marshall Islands;https://raw.githubusercontent.com/thevizmachine/banderas/master/mh.png;45
Christmas Island;https://raw.githubusercontent.com/thevizmachine/banderas/master/cx.png;42
Kiribati;https://raw.githubusercontent.com/thevizmachine/banderas/master/ki.png;41
Sri Lanka;https://raw.githubusercontent.com/thevizmachine/banderas/master/lk.png;41
Anguilla;https://raw.githubusercontent.com/thevizmachine/banderas/master/ai.png;41
Aruba;https://raw.githubusercontent.com/thevizmachine/banderas/master/aw.png;40
Belize;https://raw.githubusercontent.com/thevizmachine/banderas/master/bz.png;40
Uganda;https://raw.githubusercontent.com/thevizmachine/banderas/master/ug.png;40
Montserrat;https://raw.githubusercontent.com/thevizmachine/banderas/master/ms.png;40
Saint Helena;https://raw.githubusercontent.com/thevizmachine/banderas/master/sh.png;40
Bermuda;https://raw.githubusercontent.com/thevizmachine/banderas/master/bm.png;40
Dominica;https://raw.githubusercontent.com/thevizmachine/banderas/master/dm.png;40
Nicaragua;https://raw.githubusercontent.com/thevizmachine/banderas/master/ni.png;40
Vatican City State;https://raw.githubusercontent.com/thevizmachine/banderas/master/va.png;40
Cayman Islands;https://raw.githubusercontent.com/thevizmachine/banderas/master/ky.png;40
British Virgin Islands;https://raw.githubusercontent.com/thevizmachine/banderas/master/vg.png;40
Grenada;https://raw.githubusercontent.com/thevizmachine/banderas/master/gd.png;40
Zimbabwe;https://raw.githubusercontent.com/thevizmachine/banderas/master/zw.png;40
Cyprus;https://raw.githubusercontent.com/thevizmachine/banderas/master/cy.png;40
Guatemala;https://raw.githubusercontent.com/thevizmachine/banderas/master/gt.png;40
Turks and Caicos Islands;https://raw.githubusercontent.com/thevizmachine/banderas/master/tc.png;40
Rwanda;https://raw.githubusercontent.com/thevizmachine/banderas/master/rw.png;40
Niue;https://raw.githubusercontent.com/thevizmachine/banderas/master/nu.png;39
American Samoa;https://raw.githubusercontent.com/thevizmachine/banderas/master/as.png;39
El Salvador;https://raw.githubusercontent.com/thevizmachine/banderas/master/sv.png;36
Guam;https://raw.githubusercontent.com/thevizmachine/banderas/master/gu.png;20
U.S. Virgin Islands;https://raw.githubusercontent.com/thevizmachine/banderas/master/vi.png;6
Northern Mariana Islands;https://raw.githubusercontent.com/thevizmachine/banderas/master/mp.png;2
