1;Afghanistan;images/flags/af.png;0
2;Albania;images/flags/al.png;0
3;Algeria;images/flags/dz.png;0
4;Andorra;images/flags/ad.png;0
5;Angola;images/flags/ao.png;0
6;Antigua and Barbuda;images/flags/ag.png;0
7;Argentina;images/flags/ar.png;0
8;Armenia;images/flags/am.png;0
9;Australia;images/flags/au.png;0
10;Austria;images/flags/at.png;0
11;Azerbaijan;images/flags/az.png;0
12;Bahamas;images/flags/bs.png;0
13;Bahrain;images/flags/bh.png;0
14;Bangladesh;images/flags/bd.png;0
15;Barbados;images/flags/bb.png;0
16;Belarus;images/flags/by.png;0
17;Belgium;images/flags/be.png;0
18;Belize;images/flags/bz.png;0
19;Benin;images/flags/bj.png;0
20;Bhutan;images/flags/bt.png;0
21;Bolivia;images/flags/bo.png;0
22;Bosnia and Herzegovina;images/flags/ba.png;0
23;Botswana;images/flags/bw.png;0
24;Brazil;images/flags/br.png;0
25;Brunei Darussalam;images/flags/bn.png;0
26;Bulgaria;images/flags/bg.png;0
27;Burkina Faso;images/flags/bf.png;0
28;Burundi;images/flags/bi.png;0
29;Cambodia;images/flags/kh.png;0
30;Cameroon;images/flags/cm.png;0
31;Canada;images/flags/ca.png;0
32;Cape Verde;images/flags/cv.png;0
33;Central African Republic;images/flags/cf.png;0
34;Chad;images/flags/td.png;0
35;Chile;images/flags/cl.png;0
36;China;images/flags/cn.png;0
37;Colombia;images/flags/co.png;0
38;Comoros;images/flags/km.png;0
39;Congo (Brazzaville);images/flags/cg.png;0
40;Congo, Democratic Republic of the;images/flags/cd.png;0
41;Costa Rica;images/flags/cr.png;0
42;Côte d'Ivoire;images/flags/ci.png;0
43;Croatia;images/flags/hr.png;0
44;Cuba;images/flags/cu.png;0
45;Cyprus;images/flags/cy.png;0
46;Czech Republic;images/flags/cz.png;0
47;Denmark;images/flags/dk.png;0
48;Djibouti;images/flags/dj.png;0
49;Dominica;images/flags/dm.png;0
50;Dominican Republic;images/flags/do.png;0
51;Ecuador;images/flags/ec.png;0
52;Egypt;images/flags/eg.png;0
53;El Salvador;images/flags/sv.png;0
54;Equatorial Guinea;images/flags/gq.png;0
55;Eritrea;images/flags/er.png;0
56;Estonia;images/flags/ee.png;0
57;Ethiopia;images/flags/et.png;0
58;Fiji;images/flags/fj.png;0
59;Finland;images/flags/fi.png;0
60;France;images/flags/fr.png;0
61;Gabon;images/flags/ga.png;0
62;Gambia;images/flags/gm.png;0
63;Georgia;images/flags/ge.png;0
64;Germany;images/flags/de.png;0
65;Ghana;images/flags/gh.png;0
66;Greece;images/flags/gr.png;0
67;Grenada;images/flags/gd.png;0
68;Guatemala;images/flags/gt.png;0
69;Guinea;images/flags/gn.png;0
70;Guinea-Bissau;images/flags/gw.png;0
71;Guyana;images/flags/gy.png;0
72;Haiti;images/flags/ht.png;0
73;Holy See (Vatican City State);images/flags/va.png;0
74;Honduras;images/flags/hn.png;0
75;Hungary;images/flags/hu.png;0
76;Iceland;images/flags/is.png;0
77;India;images/flags/in.png;0
78;Indonesia;images/flags/id.png;0
79;Iran, Islamic Republic of;images/flags/ir.png;0
80;Iraq;images/flags/iq.png;0
81;Ireland;images/flags/ie.png;0
82;Israel;images/flags/il.png;0
83;Italy;images/flags/it.png;0
84;Jamaica;images/flags/jm.png;0
85;Japan;images/flags/jp.png;0
86;Jordan;images/flags/jo.png;0
87;Kazakhstan;images/flags/kz.png;0
88;Kenya;images/flags/ke.png;0
89;Kiribati;images/flags/ki.png;0
90;Korea, Democratic People's Republic of;images/flags/kp.png;0
91;Korea, Republic of;images/flags/kr.png;0
92;Kuwait;images/flags/kw.png;0
93;Kyrgyzstan;images/flags/kg.png;0
94;Lao PDR;images/flags/la.png;0
95;Latvia;images/flags/lv.png;0
96;Lebanon;images/flags/lb.png;0
97;Lesotho;images/flags/ls.png;0
98;Liberia;images/flags/lr.png;0
99;Libya;images/flags/ly.png;0
100;Liechtenstein;images/flags/li.png;0
101;Lithuania;images/flags/lt.png;0
102;Luxembourg;images/flags/lu.png;0
103;Macedonia, Republic of;images/flags/mk.png;0
104;Madagascar;images/flags/mg.png;0
105;Malawi;images/flags/mw.png;0
106;Malaysia;images/flags/my.png;0
107;Maldives;images/flags/mv.png;0
108;Mali;images/flags/ml.png;0
109;Malta;images/flags/mt.png;0
110;Marshall Islands;images/flags/mh.png;0
111;Mauritania;images/flags/mr.png;0
112;Mauritius;images/flags/mu.png;0
113;Mexico;images/flags/mx.png;0
114;Micronesia, Federated States of;images/flags/fm.png;0
115;Moldova;images/flags/md.png;0
116;Monaco;images/flags/mc.png;0
117;Mongolia;images/flags/mn.png;0
118;Montenegro;images/flags/me.png;0
119;Morocco;images/flags/ma.png;0
120;Mozambique;images/flags/mz.png;0
121;Myanmar;images/flags/mm.png;0
122;Namibia;images/flags/na.png;0
123;Nauru;images/flags/nr.png;0
124;Nepal;images/flags/np.png;0
125;Netherlands;images/flags/nl.png;0
126;New Zealand;images/flags/nz.png;0
127;Nicaragua;images/flags/ni.png;0
128;Niger;images/flags/ne.png;0
129;Nigeria;images/flags/ng.png;0
130;Norway;images/flags/no.png;0
131;Oman;images/flags/om.png;0
132;Pakistan;images/flags/pk.png;0
133;Palau;images/flags/pw.png;0
134;Panama;images/flags/pa.png;0
135;Papua New Guinea;images/flags/pg.png;0
136;Paraguay;images/flags/py.png;0
137;Peru;images/flags/pe.png;0
138;Philippines;images/flags/ph.png;0
139;Poland;images/flags/pl.png;0
140;Portugal;images/flags/pt.png;0
141;Qatar;images/flags/qa.png;0
142;Romania;images/flags/ro.png;0
143;Russian Federation;images/flags/ru.png;0
144;Rwanda;images/flags/rw.png;0
145;Saint Kitts and Nevis;images/flags/kn.png;0
146;Saint Lucia;images/flags/lc.png;0
147;Saint Vincent and Grenadines;images/flags/vc.png;0
148;Samoa;images/flags/ws.png;0
149;San Marino;images/flags/sm.png;0
150;Sao Tome and Principe;images/flags/st.png;0
151;Saudi Arabia;images/flags/sa.png;0
152;Senegal;images/flags/sn.png;0
153;Serbia;images/flags/rs.png;0
154;Seychelles;images/flags/sc.png;0
155;Sierra Leone;images/flags/sl.png;0
156;Singapore;images/flags/sg.png;0
157;Slovakia;images/flags/sk.png;0
158;Slovenia;images/flags/si.png;0
159;Solomon Islands;images/flags/sb.png;0
160;Somalia;images/flags/so.png;0
161;South Africa;images/flags/za.png;0
162;Spain;images/flags/es.png;0
163;Sri Lanka;images/flags/lk.png;0
164;Sudan;images/flags/sd.png;0
165;Suriname *;images/flags/sr.png;0
166;Swaziland;images/flags/sz.png;0
167;Sweden;images/flags/se.png;0
168;Switzerland;images/flags/ch.png;0
169;Syrian Arab Republic (Syria);images/flags/sy.png;0
170;Taiwan, Republic of China;images/flags/tw.png;0
171;Tajikistan;images/flags/tj.png;0
172;Tanzania *, United Republic of;images/flags/tz.png;0
173;Thailand;images/flags/th.png;0
174;Timor-Leste;images/flags/tl.png;0
175;Togo;images/flags/tg.png;0
176;Tonga;images/flags/to.png;0
177;Trinidad and Tobago;images/flags/tt.png;0
178;Tunisia;images/flags/tn.png;0
179;Turkey;images/flags/tr.png;0
180;Turkmenistan;images/flags/tm.png;0
181;Tuvalu;images/flags/tv.png;0
182;Uganda;images/flags/ug.png;0
183;Ukraine;images/flags/ua.png;0
184;United Arab Emirates;images/flags/ae.png;0
185;United Kingdom;images/flags/gb.png;0
186;United States of America;images/flags/us.png;0
187;Uruguay;images/flags/uy.png;0
188;Uzbekistan;images/flags/uz.png;0
189;Vanuatu;images/flags/vu.png;0
190;Venezuela (Bolivarian Republic of);images/flags/ve.png;0
191;Viet Nam;images/flags/vn.png;0
192;Western Sahara;images/flags/eh.png;0
193;Yemen;images/flags/ye.png;0
194;Zambia;images/flags/zm.png;0
195;Zimbabwe;images/flags/zw.png;0
;;;
;;;
;;;
;;;
;;;
;;;
;;;
;;;
;;;
;;;
;;;
;;;
;;;
;;;
;;;
;;;
;;;
;;;
;;;
;;;
;;;
;;;
;;;
;;;
;;;
;;;
;;;
;;;
;;;
;;;
;;;
;;;
;;;
;;;
;;;
;;;
;;;
;;;
;;;
;;;
;;;
;;;
;;;
;;;
;;;
;;;
;;;
;;;
;;;
;;;
;;;
;;;
;;;
;;;
;;;
;;;
;;;
;;;
;;;
;;;
;;;
;;;
;;;
;;;
;;;
;;;
;;;
;;;
;;;
;;;
;;;
;;;
;;;
;;;
;;;
;;;
;;;
;;;
;;;
;;;
;;;
;;;
;;;
;;;
;;;
;;;
;;;
;;;
;;;
;;;
;;;
;;;
;;;
;;;
;;;
;;;
;;;
;;;
;;;
;;;
;;;
;;;
;;;
;;;
;;;
;;;
;;;
;;;
;;;
;;;
;;;
;;;
;;;
;;;
;;;
;;;
;;;
;;;
;;;
;;;
;;;
;;;
;;;
;;;
;;;
;;;
;;;
;;;
;;;
;;;
;;;
;;;
;;;
;;;
;;;
;;;
;;;
;;;
;;;
;;;
;;;
;;;
;;;
;;;
;;;
;;;
;;;
;;;
;;;
;;;
;;;
;;;
;;;
;;;
;;;
;;;
;;;
;;;
;;;
;;;
;;;
;;;
;;;
;;;
;;;
;;;
;;;
;;;
;;;
;;;
;;;
;;;
;;;
;;;
;;;
;;;
;;;
;;;
;;;
;;;
;;;
;;;
;;;
;;;
;;;
;;;
;;;
;;;
;;;
;;;
;;;
;;;
;;;
;;;
;;;
;;;
;;;
;;;
;;;
;;;
;;;
;;;
;;;
;;;
;;;
;;;
;;;
;;;
;;;
;;;
;;;
;;;
;;;
;;;
;;;
;;;
;;;
;;;
;;;
;;;
;;;
;;;
;;;
;;;
;;;
;;;
;;;
;;;
;;;
;;;
;;;
;;;
;;;
;;;
;;;
;;;
;;;
;;;
;;;
;;;
;;;
;;;
;;;
;;;
;;;
;;;
;;;
;;;
;;;
;;;
;;;
;;;
;;;
;;;
;;;
;;;
;;;
;;;
;;;
;;;
;;;
;;;
;;;
;;;
;;;
;;;
;;;
;;;
;;;
;;;
;;;
;;;
;;;
;;;
;;;
;;;
;;;
;;;
;;;
;;;
;;;
;;;
;;;
;;;
;;;
;;;
;;;
;;;
;;;
;;;
;;;
;;;
;;;
;;;
;;;
;;;
;;;
;;;
;;;
;;;
;;;
;;;
;;;
;;;
;;;
;;;
;;;
;;;
;;;
;;;
;;;
;;;
;;;
;;;
;;;
;;;
;;;
;;;
;;;
;;;
;;;
;;;
;;;
;;;
;;;
;;;
;;;
;;;
;;;
;;;
;;;
;;;
;;;
;;;
;;;
;;;
;;;
;;;
;;;
;;;
;;;
;;;
;;;
;;;
;;;
;;;
;;;
;;;
;;;
;;;
;;;
;;;
;;;
;;;
;;;
;;;
;;;
;;;
;;;
;;;
;;;
;;;
;;;
;;;
;;;
;;;
;;;
;;;
;;;
;;;
;;;
;;;
;;;
;;;
;;;
;;;
;;;
;;;
;;;
;;;
;;;
;;;
;;;
;;;
;;;
;;;
;;;
;;;
;;;
;;;
;;;
;;;
;;;
;;;
;;;
;;;
;;;
;;;
;;;
;;;
;;;
;;;
;;;
;;;
;;;
;;;
;;;
;;;
;;;
;;;
;;;
;;;
;;;
;;;
;;;
;;;
;;;
;;;
;;;
;;;
;;;
;;;
;;;
;;;
;;;
;;;
;;;
;;;
;;;
;;;
;;;
;;;
;;;
;;;
;;;
;;;
;;;
;;;
;;;
;;;
;;;
;;;
;;;
;;;
;;;
;;;
;;;
;;;
;;;
;;;
;;;
;;;
;;;
;;;
;;;
;;;
;;;
;;;
;;;
;;;
;;;
;;;
;;;
;;;
;;;
;;;
;;;
;;;
;;;
;;;
;;;
;;;
;;;
;;;
;;;
;;;
;;;
;;;
;;;
;;;
;;;
;;;
;;;
;;;
;;;
;;;
;;;
;;;
;;;
;;;
;;;
;;;
;;;
;;;
;;;
;;;
;;;
;;;
;;;
;;;
;;;
;;;
;;;
;;;
;;;
;;;
;;;
;;;
;;;
;;;
;;;
;;;
;;;
;;;
;;;
;;;
;;;
;;;
;;;
;;;
;;;
;;;
;;;
;;;
;;;
;;;
;;;
;;;
;;;
;;;
;;;
;;;
;;;
;;;
;;;
;;;
;;;
;;;
;;;
;;;
;;;
;;;
;;;
;;;
;;;
;;;
;;;
;;;
;;;
;;;
;;;
;;;
;;;
;;;
;;;
;;;
;;;
;;;
;;;
;;;
;;;
;;;
;;;
;;;
;;;
;;;
;;;
;;;
;;;
;;;
;;;
;;;
;;;
;;;
;;;
;;;
;;;
;;;
;;;
;;;
;;;
;;;
;;;
;;;
;;;
;;;
;;;
;;;
;;;
;;;
;;;
;;;
;;;
;;;
;;;
;;;
;;;
;;;
;;;
;;;
;;;
;;;
;;;
;;;
;;;
;;;
;;;
;;;
;;;
;;;
;;;
;;;
;;;
;;;
;;;
;;;
;;;
;;;
;;;
;;;
;;;
;;;
;;;
;;;
;;;
;;;
;;;
;;;
;;;
;;;
;;;
;;;
;;;
;;;
;;;
;;;
;;;
;;;
;;;
;;;
;;;
;;;
;;;
;;;
;;;
;;;
;;;
;;;
;;;
;;;
;;;
;;;
;;;
;;;
;;;
;;;
;;;
;;;
;;;
;;;
;;;
;;;
;;;
;;;
;;;
;;;
;;;
;;;
;;;
;;;
;;;
;;;
;;;
;;;
;;;
;;;
;;;
;;;
;;;
;;;
;;;
;;;
;;;
;;;
;;;
;;;
;;;
;;;
;;;
;;;
;;;
;;;
;;;
;;;
;;;
;;;
;;;
;;;
;;;
;;;
;;;
;;;
;;;
;;;
;;;
;;;
;;;
;;;
;;;
;;;
;;;
;;;
;;;
;;;
;;;
;;;
;;;
;;;
;;;
;;;
;;;
;;;
;;;
;;;
;;;
;;;
;;;
;;;
;;;
;;;
;;;
;;;
;;;
;;;
;;;
;;;
;;;
;;;
;;;
;;;
;;;
;;;
;;;
;;;
;;;
;;;
;;;
;;;
;;;
;;;
;;;
;;;
;;;
;;;
;;;
;;;
;;;
;;;
;;;
;;;
;;;
;;;
;;;
;;;
;;;
;;;
;;;
;;;
;;;
;;;
;;;
;;;
;;;
;;;
;;;
;;;
;;;
;;;
;;;
;;;
;;;
;;;
;;;
;;;
;;;
;;;
;;;
;;;
;;;
;;;
;;;
;;;
;;;
;;;
;;;
;;;
;;;
;;;
;;;
;;;
;;;
;;;
;;;
;;;
